{
  "version": 1,
  "author": "Alex Santos",
  "editor": "wokwi",
  "parts": [
    { "type": "wokwi-breadboard-half", "id": "bb1", "top": -118.2, "left": -352.4, "attrs": {} },
    {
      "type": "board-pi-pico-w",
      "id": "pico",
      "top": -108.85,
      "left": 13.15,
      "attrs": { "builder": "pico-sdk" }
    },
    {
      "type": "wokwi-led",
      "id": "led1",
      "top": -109.2,
      "left": -92.2,
      "attrs": { "color": "green" }
    },
    {
      "type": "wokwi-led",
      "id": "led2",
      "top": -109.2,
      "left": -121,
      "attrs": { "color": "yellow" }
    },
    {
      "type": "wokwi-led",
      "id": "led3",
      "top": -109.2,
      "left": -149.8,
      "attrs": { "color": "red" }
    },
    {
      "type": "wokwi-resistor",
      "id": "r2",
      "top": -34.15,
      "left": -135.8,
      "rotate": 180,
      "attrs": { "value": "300" }
    },
    {
      "type": "wokwi-resistor",
      "id": "r1",
      "top": -43.75,
      "left": -164.6,
      "rotate": 180,
      "attrs": { "value": "300" }
    },
    {
      "type": "wokwi-resistor",
      "id": "r3",
      "top": -62.95,
      "left": -193.4,
      "rotate": 180,
      "attrs": { "value": "300" }
    },
    {
      "type": "wokwi-buzzer",
      "id": "bz1",
      "top": -256.8,
      "left": -286.2,
      "attrs": { "volume": "0.1" }
    },
    {
      "type": "wokwi-pushbutton",
      "id": "btn1",
      "top": 111.8,
      "left": -220.8,
      "attrs": { "color": "green" }
    },
    {
      "type": "wokwi-led",
      "id": "led4",
      "top": -90,
      "left": -245.8,
      "attrs": { "color": "green" }
    },
    {
      "type": "wokwi-resistor",
      "id": "r4",
      "top": 100.8,
      "left": -288.55,
      "rotate": 90,
      "attrs": { "value": "10000" }
    },
    {
      "type": "wokwi-resistor",
      "id": "r5",
      "top": -44.05,
      "left": -288,
      "attrs": { "value": "300" }
    }
  ],
  "connections": [
    [ "pico:GP0", "$serialMonitor:RX", "", [] ],
    [ "pico:GP1", "$serialMonitor:TX", "", [] ],
    [ "bb2:5t.c", "bb2:15t.e", "green", [ "v28.8", "h-48", "v0", "h96" ] ],
    [ "pico:GND.1", "bb1:tn.25", "black", [ "h0" ] ],
    [ "bb1:28t.b", "bb1:28b.g", "green", [ "v0" ] ],
    [ "bb1:25t.b", "bb1:25b.g", "orange", [ "v0" ] ],
    [ "bb1:22t.b", "bb1:22b.g", "red", [ "v0" ] ],
    [ "pico:GP10", "bb1:22b.h", "red", [ "h0" ] ],
    [ "bb1:25b.h", "pico:GP11", "orange", [ "v0" ] ],
    [ "bb1:18t.c", "bb1:15t.c", "black", [ "v0" ] ],
    [ "r1:2", "bb1:15t.d", "black", [ "v0" ] ],
    [ "bb1:15t.a", "bb1:tn.12", "black", [ "v0" ] ],
    [ "r2:2", "bb1:15t.e", "black", [ "v0" ] ],
    [ "pico:GP12", "bb1:28b.h", "green", [ "h0" ] ],
    [ "pico:3V3", "bb1:tp.25", "red", [ "h57.91", "v-96", "h-193.6" ] ],
    [ "bb1:tp.1", "bb1:bp.1", "red", [ "h-56", "v174" ] ],
    [ "pico:GP6", "bb1:12t.e", "limegreen", [ "h0" ] ],
    [ "bb1:16b.i", "bb1:14b.i", "green", [ "v0" ] ],
    [ "r4:2", "btn1:2.l", "black", [ "h0" ] ],
    [ "pico:GP13", "btn1:2.r", "magenta", [ "h-144", "v86.24" ] ],
    [ "btn1:1.r", "bb1:bp.16", "red", [ "v0" ] ],
    [ "bb1:5t.a", "bb1:tn.4", "black", [ "v0" ] ],
    [ "pico:GP27", "bz1:2", "blue", [ "h77.11", "v-144", "h-412.4" ] ],
    [ "bz1:1", "bb1:tn.5", "black", [ "v28.8", "h-20.8" ] ],
    [ "led1:A", "bb1:28t.a", "", [ "$bb" ] ],
    [ "led1:C", "bb1:27t.a", "", [ "$bb" ] ],
    [ "led2:A", "bb1:25t.a", "", [ "$bb" ] ],
    [ "led2:C", "bb1:24t.a", "", [ "$bb" ] ],
    [ "led3:A", "bb1:22t.a", "", [ "$bb" ] ],
    [ "led3:C", "bb1:21t.a", "", [ "$bb" ] ],
    [ "r2:1", "bb1:27t.e", "", [ "$bb" ] ],
    [ "r2:2", "bb1:21t.e", "", [ "$bb" ] ],
    [ "r1:1", "bb1:24t.d", "", [ "$bb" ] ],
    [ "r1:2", "bb1:18t.d", "", [ "$bb" ] ],
    [ "r3:1", "bb1:21t.b", "", [ "$bb" ] ],
    [ "r3:2", "bb1:15t.b", "", [ "$bb" ] ],
    [ "led4:A", "bb1:12t.c", "", [ "$bb" ] ],
    [ "led4:C", "bb1:11t.c", "", [ "$bb" ] ],
    [ "r4:1", "bb1:bn.6", "", [ "$bb" ] ],
    [ "r5:1", "bb1:5t.d", "", [ "$bb" ] ],
    [ "r5:2", "bb1:11t.d", "", [ "$bb" ] ]
  ],
  "dependencies": {}
}